index;reward;success;path_efficiency;effective_speed;zigzag_penalty;policy_loss;value_loss;entropy;approximate_kl;clip_fraction
1;-1.7952695984690514;0.0;0.0;0.0;0.025576746802028295;-0.0015636465046554803;0.024817661894485355;2.197131395339966;8.208900690078735e-05;0.0
2;-1.852971136917215;0.0;0.0;0.0;0.12312430888197061;0.003042590105906129;0.004571091977413744;2.1968214750289916;4.560393281280994e-05;0.0
3;-2.255076289581956;0.0;0.0;0.0;0.12512094207698465;0.0012172324350103736;0.0018497606681194157;2.1964473962783813;5.555883981287479e-05;0.0
4;-2.5184864375968457;0.0;0.0;0.0;0.0;-0.003937974106520414;0.0011027866858057678;2.196037459373474;5.632033571600914e-05;0.0
5;-2.6550529617672605;0.0;0.0;0.0;0.0;0.004838047362864017;0.0011587415152462198;2.1958227872848513;5.146681796759367e-05;0.0
6;-2.6111094344949977;0.0;0.0;0.0;0.24786523815633543;0.001059303432703018;0.0010467957123182713;2.195406103134155;7.426667725667358e-05;0.0
7;-2.701054003774381;0.0;0.0;0.0;0.23661435237776798;-0.004080079682171345;0.0009942981821950525;2.1944424867630006;7.200641557574272e-05;0.0
8;-1.7699604292843496;0.0;0.0;0.0;0.1423014402623228;-0.003347173798829317;0.000892999250208959;2.193476450443268;8.264560019597412e-05;0.0
9;-2.1387170600189678;0.0;0.0;0.0;0.05870105256950737;-0.006864477670751512;0.0008090855757473036;2.192115104198456;9.020202560350299e-05;0.0
10;-2.0937382691746187;0.0;0.0;0.0;0.4414041725049813;-0.003842641576193273;0.0008453702495899052;2.1908772826194762;0.00012395386584103109;0.0
11;-2.377699065444662;0.0;0.0;0.0;0.2450639740302567;0.001475532166659832;0.0008888489974197;2.1884603023529055;0.00015470044454559683;0.0
12;-2.53798623894552;0.0;0.0;0.0;0.2401824867782493;-0.003409884497523308;0.0007558106648502871;2.185367488861084;0.0001602834207005799;0.0
13;-2.5128561229795627;0.0;0.0;0.0;0.0;-0.00021354383789002896;0.000949639591271989;2.183371031284332;0.00014251279644668103;0.0
14;-4.4839796773805105;0.0;0.0;0.0;0.0;-0.0008010955993086099;0.0008518967835698277;2.1779081225395203;0.00030921335564926267;0.0
15;-1.4100602644080047;0.0;0.0;0.0;0.0;-0.004896164312958718;0.0009498439205344767;2.173837971687317;0.0002061126520857215;0.0
16;-1.77793299367871;0.0;0.0;0.0;0.10089473897411544;0.0008618506137281657;0.000744039157871157;2.166846978664398;0.00030409767059609295;0.0
17;-6.054601124916377;0.0;0.0;0.0;0.12225369533346983;-0.007398149697110057;0.0009497954219114035;2.1550418019294737;0.00038178599206730726;0.0
18;-1.6015730622106679;0.0;0.0;0.0;0.23538890815503152;-0.006183311948552728;0.0009362007636809722;2.1468922972679136;0.00043608801206573844;0.0
19;-1.6076599730670345;0.0;0.0;0.0;0.4727369673136615;-0.002573358407244086;0.0010714846255723387;2.137799823284149;0.00045908481115475297;0.0005859375
20;-4.7819317450654815;0.0;0.0;0.0;0.0;-0.005239076446741819;0.0018246755236759782;2.1189045190811155;0.0006717788754031062;0.0
21;-2.0355445676175563;0.0;0.0;0.0;0.19980440743134598;-0.006222683098167181;0.0013620315410662442;2.1159141182899477;0.0003011904773302376;0.0
22;-1.4133633122073095;0.0;0.0;0.0;0.21726348493924663;-0.005563095537945628;0.0016244371712673456;2.1238474369049074;0.0004082424333319068;0.0
23;-2.037613954028088;0.0;0.0;0.0;0.2605933125197044;-0.0042319383006542925;0.0010662058251909912;2.119044280052185;0.0002614296041429043;0.0
24;-3.2843947338802293;0.0;0.0;0.0;0.0;-0.004677391424775123;0.0008729166293051094;2.119641089439392;0.00016375654377043247;0.0
25;-1.2523092242181963;0.0;0.0;0.0;0.08861512648165189;0.000505624944344163;0.0007877701835241168;2.1232859969139097;0.00017072489717975258;0.0
26;-2.0216134660139713;0.0;0.0;0.0;0.09266324488092564;-0.00010200180113315583;0.0009724684641696513;2.1237531185150145;0.00034607367124408486;0.0
27;-2.313016246304163;0.0;0.0;0.0;0.09852129330608239;-0.006122990744188428;0.0010686978755984455;2.1116032242774962;0.000587062572594732;0.0
28;-5.895830305815486;0.0;0.0;0.0;0.0;-0.012040746305137873;0.001265192124992609;2.0937806963920593;0.0003808196983300149;0.0
29;-2.7144028537446605;0.0;0.0;0.0;0.5347260603712234;-0.0010142412967979908;0.0032882576808333395;2.097631585597992;0.00018566850339993835;0.0
30;-2.5437382588782196;0.0;0.0;0.0;0.0;0.005905793746933341;0.005527893267571926;2.0979050397872925;0.00034701647236943243;0.0
31;3.3073723906233456;1.0;0.3191493377450126;0.31555504042331517;0.3824252851250665;0.004405621066689491;0.002757974300766364;2.111936354637146;0.0001591383945196867;0.0
32;2.703777835049303;1.0;0.2993445664747716;0.258374984249555;0.1830196308951911;-0.0021537655033171178;0.003881741431541741;2.123445463180542;0.00014978746185079217;0.0
33;-3.912759756443548;0.0;0.0;0.0;0.22162533789169944;-3.349431790411472e-05;0.0034197799977846444;2.11903520822525;0.00025965939275920393;0.0
34;-2.4693119428857813;0.0;0.0;0.0;0.04862323500155377;0.005952625814825296;0.0021067714085802438;2.118615996837616;0.00017564528388902545;0.0
35;-1.3221718733235097;0.0;0.0;0.0;0.11783715723005289;0.003016754612326622;0.002127129433210939;2.1213010787963866;0.00012296831700950862;0.0
36;-1.5949487238013829;1.0;0.24383934747738845;0.21668561209685774;0.09493589306019722;0.008090919628739358;0.0012023878720356152;2.1235026121139526;0.00022151080192998052;0.0
37;-2.4789560797598504;0.0;0.0;0.0;0.1633845107660747;0.004008217365480959;0.0011354345129802822;2.114230823516846;0.00018321049865335226;0.0
38;3.1357777988208575;1.0;0.4056074646869572;0.38304859595730045;0.17179694764371287;-0.008387906453572213;0.001231149595696479;2.1065549731254576;0.0001660076784901321;0.0
39;-3.403242413567068;0.0;0.0;0.0;0.31287400002460775;0.00012682126834988593;0.0009602447011275217;2.0970760941505433;0.00022726961178705097;0.0
40;4.173353011441096;1.0;0.6589993956474174;0.7050829840725139;0.0871181777226661;-0.007892715511843562;0.001001284591620788;2.0951957583427427;0.00024255684111267327;0.0
41;-5.013337828666143;0.0;0.0;0.0;0.22242731580789513;-0.00021159304305911063;0.0011089841049397365;2.096066975593567;0.00021177384769544005;0.0
42;-0.34219288888483984;0.0;0.0;0.0;0.06125205229878204;0.0057440549600869415;0.004817123175598681;2.097155046463013;0.0002831533085554838;0.0
43;-7.946903555334551;0.0;0.0;0.0;0.23802473313313252;-0.008676460757851601;0.0028005176864098758;2.089345872402191;0.0002627382287755609;0.0
44;-7.816723083891837;0.0;0.0;0.0;0.23214269434152832;-0.011861711228266358;0.0014502333884593098;2.094131577014923;0.0003201608546078205;0.0
45;-4.210870308432628;0.0;0.0;0.0;0.04069523164348252;-0.0007643001154065132;0.0017587549751624464;2.077763628959656;0.0002949856221675873;0.0
46;-6.389458024472955;0.0;0.0;0.0;0.15115554494532363;0.00045312659349292515;0.0008955393685027957;2.0560194134712217;0.0004754173569381237;0.0
47;-8.21947652860845;1.0;0.2722591566396322;0.22470861244490933;0.12641478070077575;-0.004680587910115719;0.000984375228290446;2.049117934703827;0.0006886213552206755;0.000390625
48;-2.192434882711378;0.0;0.0;0.0;0.10924995953080437;-0.005885394010692835;0.0008645369991427288;2.039752018451691;0.0003908430109731853;0.0
49;-1.3714341437467368;0.0;0.0;0.0;0.04225014609931376;-0.007830703258514404;0.0007583793892990797;2.0284911036491393;0.0002756483037956059;0.0
50;3.6214698757780144;1.0;0.5653100200752882;0.45596619118771425;0.24113446798996085;-0.011438376642763615;0.03775813546963036;2.033293092250824;0.0010105399065650999;0.0029296875
51;3.5525937180485445;1.0;0.5705645974115147;0.46813869505692207;0.05111814516070794;0.0015837513841688634;0.0029781486198771747;2.0208046555519106;0.0008999180048704147;0.0017578125
52;2.81730698495367;1.0;0.21301413074841372;0.1743642168430034;0.01433670396120891;-0.007888487353920937;0.04312663534656167;2.022147512435913;0.00016637977678328751;0.0
53;3.174744895811041;1.0;0.5630960583983798;0.48020426345332884;0.22810090720736964;-0.007131047407165169;0.0022465681948233398;2.0082566022872923;0.00024124962510541081;0.0
54;-5.10715122979838;0.0;0.0;0.0;0.27810585215757333;-0.0026698599103838205;0.0016144355875439941;1.9656678795814515;0.0008545156102627516;0.0013671875
55;-2.219243915876908;0.0;0.0;0.0;0.08156641386682123;-0.009733721148222685;0.0006717724172631279;1.9648948192596436;0.0006890740245580673;0.0
56;2.1882527957409232;1.0;0.32076618686530406;0.22734082686998325;0.12923653831324827;-0.006972162192687393;0.034910625545307994;1.930565869808197;0.0008836697554215789;0.00078125
57;3.2547718831495134;1.0;0.5166636013889659;0.43399413294132727;0.19057917268501118;-0.00305488258600235;0.0016687520634150132;1.9181391775608063;0.000562528194859624;0.0
58;2.5293134526932204;1.0;0.39330237418211994;0.3217747914591578;0.08520803985851046;-0.011986542865633965;0.0009497325401753188;1.9256995022296906;0.0011466901400126518;0.00625
59;2.1949213147939273;1.0;0.5244448607648815;0.43643688869930014;0.14881479582119825;-0.01090118451975286;0.0011732725834008306;1.87975971698761;0.0007791208568960428;0.0
60;3.607726232900207;1.0;0.5506350296071523;0.5046950113081754;0.17476692400458585;0.001833265833556652;0.035527913738042115;1.8854654848575592;0.0009597382508218288;0.0001953125
61;3.1673408967422314;1.0;0.25091734861866793;0.2341625614487952;0.11310150581745443;-0.007170859724283218;0.01257924661040306;1.859048420190811;0.0004918282385915518;0.0
62;2.579745428610438;1.0;0.1897222737751036;0.20259724315521227;0.07565218732491022;0.0022101091220974923;0.01089297051075846;1.8807223677635192;0.0006144071579910815;0.0
63;-14.022649361397631;0.0;0.0;0.0;0.08800540919125575;-1.3561546802520752e-05;0.006718360399827361;1.9053025126457215;0.0006188034778460861;0.0
64;-3.9360710971078317;0.0;0.0;0.0;0.11556751235790184;-0.005434807087294757;0.04472822700627148;1.8982078015804291;0.000643154070712626;0.001953125
65;2.7935090045546116;1.0;0.5278856105736948;0.5145443622269359;0.18644740556142983;0.0013954245019704103;0.011005087569355965;1.9350915610790254;0.0003474065801128745;0.0
66;2.8665382146113267;1.0;0.18428208151426675;0.18739577902520424;0.04822258734578382;-0.004476164560765028;0.008064029994420708;1.9160601675510407;0.0009343820856884122;0.002734375
67;-1.3180453785777972;0.0;0.0;0.0;0.0854271161830522;-0.004321009013801813;0.0040363272069953385;1.917619103193283;0.0014642537687905132;0.005859375
68;3.9737736068325957;1.0;0.4636343417912562;0.5339495879247684;0.10424401381336224;-0.006927543831989169;0.0024829528876580296;1.926332175731659;0.0018997269449755549;0.0083984375
69;-19.431001232760853;0.0;0.0;0.0;0.0023519100737603303;-0.00032515067141503096;0.0013771432568319142;1.908703351020813;0.0011447779252193868;0.00390625
70;-14.244274048140214;0.0;0.0;0.0;0.18289423112601808;0.0003800374921411276;0.0014822835539234803;1.8878654778003692;0.0006099715828895569;0.0
71;-1.2877575447607963;0.0;0.0;0.0;0.11335019810318789;2.1061627194285393e-05;0.0010309545963536949;1.8233668029308319;0.00022487685782834888;0.0
72;3.559291249285374;1.0;0.3689200578302699;0.3788502747122483;0.071147925507591;0.0019482970703393221;0.03499081553891301;1.8631444871425629;0.0004321026965044439;0.0
73;4.065159780244523;1.0;0.5281057681687152;0.606074148591261;0.10509639944779557;-0.004912640573456884;0.002270499314181507;1.873625385761261;0.000605206866748631;0.0
74;2.621761388578451;1.0;0.250138606128269;0.2708621924561816;0.0;-0.006495393253862858;0.0014400081185158343;1.8800671875476838;0.00116253646556288;0.003515625
75;-1.5484845402798437;0.0;0.0;0.0;0.0;-0.015294219693168997;0.0009483057074248791;1.9076103627681733;0.0021584800560958683;0.019921875
76;3.216085459940397;1.0;0.40181711732470204;0.4219328384707865;0.20006230943204886;-0.005536378687247634;0.0007944149052491412;1.9000860810279847;0.0019343972322531044;0.00390625
77;3.868814369972016;1.0;0.6200995609356371;0.6910295200820842;0.15872745938925023;-0.006686480017378926;0.0007215596488094889;1.883191454410553;0.001196674641687423;0.0029296875
78;-1.466225133124009;0.0;0.0;0.0;0.05148667514344539;-0.0056625851429998875;0.02739041391760111;1.8448202431201934;0.00048178874421864746;0.0
79;-2.1204115184845973;0.0;0.0;0.0;0.0081195306085259;-0.0023651192896068096;0.001617578655714169;1.8411934852600098;0.0007970489794388413;0.0001953125
80;-1.995701714352723;0.0;0.0;0.0;0.16336833116206237;-0.0004048133618198335;0.0006676142002106644;1.808830052614212;0.0013232285156846047;0.003515625
81;-4.256625585182969;0.0;0.0;0.0;0.09569443093473105;-0.002910667611286044;0.08065677676349878;1.801019161939621;0.001029887271579355;0.0015625
82;3.454002731289531;1.0;0.4869880762035867;0.4429832600358979;0.1533518286363486;0.004001308092847466;0.058193128742277625;1.7852748215198517;0.00027268059784546494;0.0
83;-3.4931551074856766;0.0;0.0;0.0;0.16255603990173179;-0.00607026913203299;0.02190878337714821;1.8048820853233338;0.00035541880642995236;0.000390625
84;3.5892973534852857;1.0;0.5249394236245047;0.5456680806497283;0.09372626423780776;-0.0057271952275186775;0.008891442557796836;1.8139581382274628;0.0006991507252678275;0.0
85;-20.643605210704212;0.0;0.0;0.0;0.15273960012358792;-0.007340625859797001;0.014705741591751576;1.8161209762096404;0.0005778273683972657;0.0
86;3.964916918271083;1.0;0.5199961863460688;0.5952055201246561;0.07275955608614919;-0.006004191422834993;0.006277467426843941;1.8364526569843291;0.0005260726204141975;0.0
87;2.865841430267967;1.0;0.5143406501256711;0.5458001309954801;0.0383687852584066;-0.001161182764917612;0.03687753260601312;1.8520199239253998;0.0006099461345002056;0.0
88;3.2784884355719544;1.0;0.5203045608029092;0.6415303168849472;0.19953117619641675;0.0009299617260694504;0.0015618400706443937;1.8547294080257415;0.0008759197778999805;0.0
89;3.332314934935378;1.0;0.2601273197480888;0.3267899673276946;0.17820066289538172;0.002328062616288662;0.016205937386257575;1.8113278806209565;0.0007813108037225902;0.0025390625
90;2.975017226307844;1.0;0.39425282919867494;0.45913330760125204;0.13298523924512545;-0.0037275779992341994;0.0012400983134284616;1.810873943567276;0.0004271811805665493;0.0
91;2.6934929361609594;1.0;0.336348956925385;0.40107830874946493;0.23252531435014026;-0.0049146150005981324;0.0008676477009430528;1.7944955229759216;0.0007192050921730697;0.0001953125
92;-22.93251342456242;1.0;0.25059447967451537;0.24765845121148083;0.09665232199687257;-0.000920157041400671;0.052941135969012974;1.76736159324646;0.000472479104064405;0.0009765625
93;3.8929297219355887;1.0;0.47940706042449943;0.6177774801108303;0.03841628052818925;-0.00385045544244349;0.04244453702121973;1.7831444680690764;0.0005683892639353871;0.0
94;2.6766249198401875;1.0;0.4203275020365753;0.49081849543747336;0.1394862920288928;0.00013742148876190187;0.05216159941628575;1.7656500458717346;0.000436407676897943;0.0
95;-14.244389016101216;1.0;0.21725620701290682;0.23732547226897427;0.48152893827795656;-0.00574724362231791;0.015565849514678121;1.7922913134098053;0.0009309218847192823;0.0
96;3.5757553891292413;1.0;0.4924986226951363;0.6083543092397281;0.13721872033699836;-0.0008432993199676275;0.007756552984938025;1.8171721756458283;0.0003737828461453319;0.0
97;-10.4884619039092;0.0;0.0;0.0;0.05759283256832413;0.0047672933898866175;0.01875022752210498;1.8291129350662232;0.00018384638242423533;0.0
98;-19.5815480984199;0.0;0.0;0.0;0.07269350626570162;-0.0024396296590566634;0.04378954414278269;1.8476899683475494;0.00037416599225252866;0.0005859375
99;-4.508383878798595;0.0;0.0;0.0;0.0;-0.00456443359144032;0.006138931168243289;1.8613283932209015;0.0005539017845876514;0.0
100;-8.45755091484947;0.0;0.0;0.0;0.08541727703541582;-0.01520587275736034;0.003217477863654494;1.8294027984142303;0.0010595797444693743;0.0005859375
101;2.425509642773643;1.0;0.31989728030546705;0.39508141929420687;0.2305417407495549;-0.003595271985977888;0.005820550990756601;1.815962678194046;0.0004690678557381034;0.0
102;-24.494374393728396;0.0;0.0;0.0;0.0;0.0024852117290720343;0.025718671223148703;1.8689769148826598;0.0011047111358493567;0.0033203125
103;-3.5804169025221757;0.0;0.0;0.0;0.0;0.0033719126135110856;0.0028652055887505414;1.8863618850708008;0.0005036146263591945;0.000390625
104;4.014980448777453;1.0;0.5163950375619424;0.6892499767494017;0.05727509105889996;-0.009353754576295614;0.04405281392391771;1.8787501335144043;0.0005825403612107038;0.0025390625
105;-2.171332729693435;0.0;0.0;0.0;0.03429615076257025;-0.005531881283968687;0.041015428677201274;1.866649514436722;0.0006001721951179207;0.0005859375
106;-1.743602263392939;0.0;0.0;0.0;0.0;-0.001148436451330781;0.0020419241103809328;1.8578091084957122;0.0003194744698703289;0.0
107;4.201880174683808;1.0;0.5826472446705099;0.8201087631496426;0.032765482438222554;-0.004811494913883507;0.0011389373015845195;1.8345558166503906;0.0014349718810990452;0.00078125
108;-0.08556114655081215;1.0;0.19406343741377674;0.24139372045922516;0.05762741392472543;-0.002772559644654393;0.004790194262750447;1.815575075149536;0.0006543091731145978;0.0001953125
109;-24.181210062754122;0.0;0.0;0.0;0.261448491358648;-0.0031657520681619643;0.0030091436579823493;1.8078925251960754;0.0004770017461851239;0.0
110;-1.461229486001603;0.0;0.0;0.0;0.0;-0.01036514611914754;0.010021444130688905;1.787803542613983;0.0003347777994349599;0.0
111;-0.9284271087455505;1.0;0.5606345015379695;0.5804233682159256;0.0027890426232624814;-0.004042813275009394;0.003355417202692479;1.8340846240520476;0.0005850542220287025;0.0
112;-2.732266109413451;0.0;0.0;0.0;0.11937104892755152;0.0023815826047211886;0.06707014720886946;1.8212094485759736;0.00046881558373570444;0.0
113;-2.0391434849031547;0.0;0.0;0.0;0.13493901704715702;-0.008136482071131467;0.044906631531193855;1.7990596890449524;0.0006782395881600678;0.0
114;-2.4740398656157185;0.0;0.0;0.0;0.013028102738122755;-0.007855481514707208;0.027906891144812106;1.7940358579158784;0.0013044750317931174;0.0041015625
115;-3.707473297495256;1.0;0.21465382452918808;0.24122046643149134;0.0030937290323830957;0.002644635550677776;0.008006244502030312;1.8007348239421845;0.0008051341283135116;0.0009765625
116;-22.942372683414934;0.0;0.0;0.0;0.07069293532213075;0.0008797162212431431;0.00815255034249276;1.7902985036373138;0.0006643725209869444;0.0
117;-6.346342061954631;0.0;0.0;0.0;0.0;-0.004957143310457468;0.016911923326551913;1.763053870201111;0.0004559815977700055;0.0
118;-2.8961424603864043;0.0;0.0;0.0;0.24478248970419478;-0.0038224397692829372;0.014966741809621454;1.7940772294998169;0.0007433910970576108;0.0
119;-1.6635570703267646;0.0;0.0;0.0;0.0;-0.0013417136855423451;0.04539930643513799;1.7917807817459106;0.00044017462059855463;0.0
120;-0.9098568643836846;1.0;0.29627400774471585;0.355487012307131;0.10219205083126816;-0.006987151131033898;0.009749987907707692;1.7880787134170533;0.0006190623971633613;0.000390625
121;-0.6115248071046473;1.0;0.31777638174061945;0.37411490750006576;0.1520722152634746;-0.010016524023376406;0.06195404455065727;1.7821956753730774;0.0005385235184803605;0.00078125
122;-4.389272367583548;0.0;0.0;0.0;0.001347980134033974;-0.006596105080097914;0.05827387254685164;1.7916754484176636;0.00035769313108175994;0.0
123;-4.740999332247655;0.0;0.0;0.0;0.0;-0.00028391601517796516;0.01235181074589491;1.78269162774086;0.0007056106347590685;0.0001953125
124;-13.049383059572236;0.0;0.0;0.0;0.08240745820310415;-0.004861873504705727;0.04715342107228935;1.765376752614975;0.0006678657024167478;0.0001953125
125;-12.222347386258217;0.0;0.0;0.0;0.0;0.0011534963734447957;0.007171837682835758;1.7747868418693542;0.0005753968725912273;0.0
126;-1.1291694438271778;0.0;0.0;0.0;0.06319638100796945;0.00010655834339559078;0.0953584374859929;1.7650540232658387;0.00046239455696195364;0.0
127;-1.1126481124143373;0.0;0.0;0.0;0.0;-0.004669373435899615;0.013125477870926262;1.7902188420295715;0.000301736150868237;0.0
128;-1.0214154887751121;0.0;0.0;0.0;0.1342108854558224;-0.0016658493783324956;0.014258340513333679;1.7908361673355102;0.0006105511100031435;0.0
129;2.305514157019874;1.0;0.2531731261119004;0.2732684273435013;0.06457865747142166;0.004495126660913229;0.05474953968077898;1.7675604462623595;0.0005432317149825395;0.0009765625
130;2.191094630176913;1.0;0.3321657834070904;0.3540920721157866;0.1416644879716623;-0.008236556476913393;0.05991727216169238;1.8016699194908141;0.0005538653815165163;0.0
131;-1.9544956699742952;0.0;0.0;0.0;0.09421504306650727;0.003482535807415843;0.02291218559257686;1.8222856760025024;0.00029373548459261657;0.0
132;-2.5432571706941762;0.0;0.0;0.0;0.18673819384311915;-0.008245071256533265;0.03504797853529453;1.7950404465198517;0.0004115394898690283;0.0001953125
133;-2.9932363922016862;0.0;0.0;0.0;0.05785140464165577;-0.004555792035534978;0.009546762751415371;1.7970956087112426;0.0008361021755263209;0.00078125
134;3.1125236027938463;1.0;0.1451611919547432;0.1817620414000961;0.03326734535242784;0.0011938290204852819;0.010194261046126484;1.7885224401950837;0.0007252460112795234;0.0
135;-2.0034343347101147;0.0;0.0;0.0;0.008833502058108622;-0.0046766296494752165;0.0050477541168220345;1.7765229225158692;0.0007237590383738279;0.000390625
136;-1.5069688997198776;0.0;0.0;0.0;0.016461482569664173;0.0026821914594620465;0.04739433955401182;1.768029022216797;0.001057103427592665;0.0
137;-1.9377999607354612;0.0;0.0;0.0;0.007172800174392606;0.0019328739494085313;0.004080915101803839;1.7366207778453826;0.0005458331084810198;0.0
138;-2.937217196380972;0.0;0.0;0.0;0.020098210539944424;-0.005121375061571598;0.002193733543390408;1.7130026817321777;0.0007376139983534813;0.0005859375
139;-2.7428949542648025;0.0;0.0;0.0;0.0;-0.006034406833350658;0.003725831024348736;1.7477415680885315;0.0014152596122585237;0.01015625
140;-1.6177189563552794;0.0;0.0;0.0;0.0;0.0038607290014624597;0.002140684629557654;1.7070656895637513;0.000682288350071758;0.0
141;-1.092215245782636;0.0;0.0;0.0;0.001570691518023689;-0.0019285171292722225;0.04723421144299209;1.7166098415851594;0.0003933485597372055;0.0
142;3.356267472723142;1.0;0.30900412918776277;0.3151418237252901;0.012304261544554865;0.00017941431142389774;0.05461509618908167;1.713484275341034;0.0003926748759113252;0.0
143;-1.1459462747130076;0.0;0.0;0.0;0.022599500318295843;0.0015770189464092254;0.001892433367902413;1.688336396217346;0.0004983391845598817;0.0
144;1.6603767808482575;1.0;0.21550940454650097;0.20379607806127234;0.024491173080470455;-0.010555520141497254;0.049877697881311175;1.6832455754280091;0.0007639482500962913;0.001171875
145;-0.11989532233355416;1.0;0.3227951620728586;0.3254447398071097;0.0;0.0007381503470242024;0.00809890916571021;1.660286682844162;0.0004422148922458291;0.000390625
146;-0.5655725378738232;0.0;0.0;0.0;0.012338387238529496;-0.004634635476395488;0.005621435237117112;1.7114766836166382;0.00031871674582362175;0.0
147;-0.8499330142582913;0.0;0.0;0.0;0.013580960956930866;-0.0010532766114920377;0.009517383179627359;1.686503541469574;0.0004258540575392544;0.0
148;2.4577199613454153;1.0;0.34885801624755985;0.388029298427213;0.0;0.011253035767003894;0.004952403751667589;1.696981531381607;0.00029248816426843407;0.0
149;-0.8800160951646123;0.0;0.0;0.0;0.07829383040185646;-0.004830687772482634;0.01292297882027924;1.666434121131897;0.0004439908312633634;0.0
150;-0.545755120254507;0.0;0.0;0.0;0.0;-0.002618112904019654;0.007925379928201437;1.676277083158493;0.0004117128206416965;0.0
151;-4.890074416082167;0.0;0.0;0.0;0.0;-3.3495016396045685e-06;0.018211480136960743;1.694645094871521;0.0011615854920819402;0.0060546875
152;-1.7511382148718835;0.0;0.0;0.0;0.08308566848724085;-0.000134238600730896;0.04732163199223578;1.7351521611213685;0.0006331537384539843;0.0
153;-2.154959636330997;0.0;0.0;0.0;0.0;-0.00406549833714962;0.004643536207731813;1.7318941056728363;0.0010387853719294072;0.00703125
154;0.9788968321595655;1.0;0.5130330094442482;0.5609623877421611;0.0;-0.005643542483448982;0.009034176962450147;1.7488815844058991;0.0008516153320670128;0.00078125
155;0.71789061820912;1.0;0.4786610309023253;0.4447760016568055;0.0;-0.003808679198846221;0.04631474518682808;1.7428627967834474;0.0006929928320460021;0.0017578125
156;-1.7127123720237818;0.0;0.0;0.0;0.0;0.003423044830560684;0.0038126756204292177;1.747913473844528;0.00027060805587098;0.0001953125
157;-6.201397133764223;1.0;0.20570524744945792;0.21549328863713288;0.0323776938279785;-0.01003780560567975;0.0049573058378882704;1.768673938512802;0.000744491012301296;0.0017578125
158;1.3519752589814902;1.0;0.18576913083607954;0.20539851366540748;0.1956902845160552;-0.009591344895306974;0.0025855594081804155;1.7536669611930846;0.002042888035066426;0.01953125
159;-2.9265037300894274;0.0;0.0;0.0;0.0;-0.003006139234639704;0.0015864225395489484;1.7413122951984406;0.0008214766741730273;0.0
160;-4.925679548629041;0.0;0.0;0.0;0.002122283594429633;-0.002287268918007612;0.0018330178514588623;1.7321800410747528;0.0007543282932601869;0.0
161;-3.4020849581500507;0.0;0.0;0.0;0.0;-0.008048028126358986;0.070312918163836;1.6807659268379211;0.0013635982642881573;0.0044921875
162;2.6694059416942513;1.0;0.5269640596002295;0.53040372413005;0.10196540120285086;-0.0036733839195221664;0.0034497890155762434;1.6654354512691498;0.0013877008808776737;0.0046875
163;2.1138451149115665;1.0;0.33467825354665803;0.36819228884929955;0.021552315306304342;-0.009167502890340984;0.001265955634880811;1.6627564489841462;0.0019185696495696903;0.01328125
164;-2.4149791772595544;0.0;0.0;0.0;0.004266626750383774;-0.0008546921890228987;0.001292341377120465;1.607231616973877;0.0013089136802591384;0.001171875
165;3.0538484658492995;1.0;0.538760205658683;0.6676549295495722;0.01681187417196481;-0.002142300200648606;0.0013623967475723474;1.5711274802684785;0.0004972629016265273;0.0001953125
166;1.6168029659160659;1.0;0.5323058179447053;0.526265076159961;0.0016977302466770438;-0.007543934602290392;0.0013554521603509784;1.5301413238048553;0.000771314196754247;0.0037109375
167;-2.313896583938166;0.0;0.0;0.0;0.017024710792151773;-0.0034521973226219415;0.00078870244033169;1.5187751233577729;0.0005833256989717483;0.00078125
168;2.784148327495646;1.0;0.22280598023624676;0.262776183960992;0.02953423116947942;-0.002277629217132926;0.001806430984288454;1.5021974623203278;0.00119476089021191;0.003515625
169;1.552941148426;1.0;0.22232400205130626;0.2412656633310042;0.09340319836549031;-0.004977131448686123;0.0007115308777429164;1.5490820348262786;0.0005036070011556149;0.0
170;-2.327567728317585;0.0;0.0;0.0;0.003842937904504804;0.0028642524965107443;0.005271650198847055;1.512199229001999;0.001197927980683744;0.0068359375
171;0.9858350707525259;1.0;0.22025652193316633;0.23302769892717762;0.11737141796410452;-0.0009161475580185651;0.004108075937256217;1.5502387523651122;0.0013815692975185812;0.0017578125
172;-1.8570151336058205;0.0;0.0;0.0;0.014698026020137216;-0.007103625731542706;0.0009734192921314388;1.5923375189304352;0.001377134840004146;0.0029296875
173;-4.505000310187244;0.0;0.0;0.0;0.032412084116486176;-0.0018365757539868354;0.0012665791902691126;1.5926599264144898;0.0013864422217011452;0.0017578125
174;-1.2121486353925408;0.0;0.0;0.0;0.007536918363936481;-0.0028732608538120986;0.0006588811811525375;1.5948072850704194;0.00044613135978579523;0.001171875
175;-1.9573047201395801;0.0;0.0;0.0;0.056106503081593734;-0.0020083877258002757;0.0006985037151025608;1.6348823070526124;0.0016758298152126372;0.0166015625
176;3.1369155592758644;1.0;0.3461974350053334;0.3747346491763715;0.07474530624194176;-0.00763088590465486;0.0007902683486463502;1.6317128360271453;0.0012714614975266158;0.00078125
177;-2.4470341861184806;0.0;0.0;0.0;0.010915435958202048;-0.012721054768189789;0.0009881600562948734;1.6123560905456542;0.0016768394387327134;0.01171875
178;2.332959801310084;1.0;0.22454456272624776;0.24991949258435023;0.08172749806377934;0.0017815326806157827;0.07409163927659393;1.5831555068492889;0.001032684335950762;0.002734375
179;-1.04379236608589;0.0;0.0;0.0;0.05720058630167666;0.001756637543439865;0.0024668041529366746;1.6187270820140838;0.0013660170719958843;0.010546875
180;0.0598632405390882;1.0;0.21549167040254633;0.21911978832212273;0.11744521729197703;-0.007287091272883117;0.0007807343383319676;1.6320161402225495;0.0014489889494143427;0.0138671875
181;-1.7502588912014327;0.0;0.0;0.0;0.0;-0.004020313010551035;0.0012114299286622554;1.6227401494979858;0.001006445661187172;0.0005859375
182;-3.1940992336544247;0.0;0.0;0.0;0.05585254949337268;-0.004760960605926812;0.001611449010670185;1.5895593881607055;0.001022931409534067;0.0
183;-1.6591626555437373;0.0;0.0;0.0;0.0;-0.010511727211996913;0.0009163858107058331;1.5707587957382203;0.0002863318077288568;0.0
184;-6.206637770649671;0.0;0.0;0.0;0.024212358129360033;0.0028574269730597735;0.0011051786801544949;1.5914053320884705;0.0005924828932620585;0.000390625
185;-1.149976722465482;0.0;0.0;0.0;0.0;-0.00508119179867208;0.0007243600732181222;1.5893703877925873;0.000555496581364423;0.0
186;0.7308935633723923;1.0;0.2539541053963481;0.2483764175769364;0.0014584889455394416;-0.00386911416426301;0.038610258046537636;1.5414720475673676;0.000856698618736118;0.0025390625
187;-0.9483978392050685;1.0;0.2871341572574948;0.32959156796408867;0.08355576047531259;-0.0024054313078522684;0.0017685803119093179;1.5769443094730378;0.0018081583781167864;0.00703125
188;3.085856091254292;1.0;0.2277302810641706;0.2360561116950793;0.06572038520501486;-0.0060450241435319185;0.0009022106038173661;1.6115904331207276;0.0004612105200067163;0.000390625
189;-3.364570995872316;1.0;0.3110020080543128;0.28960855659030976;0.010890652017398608;-0.014359508967027068;0.001255141943693161;1.6079066336154937;0.0019271981320343912;0.016015625
190;1.5453865803366653;1.0;0.2120556642240552;0.2313290243531353;0.0;-0.011305078538134694;0.0011710192426107823;1.609672600030899;0.001501309615559876;0.0091796875
191;3.796345031842805;1.0;0.3824693749007217;0.4298470830533384;0.0017648623700316796;-0.004879931733012199;0.0011761870700865984;1.5859702408313752;0.0005415554624050856;0.00078125
192;2.5420493096427546;1.0;0.542399053070106;0.6140143293150797;0.01834751688290499;-0.007024704199284315;0.0013569524860940873;1.5529924094676972;0.002935093629639596;0.0330078125
193;-0.38012184615369593;0.0;0.0;0.0;0.0;-0.008936351444572211;0.0016693990037310869;1.6002932727336883;0.0012656905688345431;0.005859375
194;;;;;;-0.013020925456658006;0.0007377892296062782;1.6439908146858215;0.0016311708721332252;0.003515625
195;;;;;;-0.009246481000445783;0.000813816234585829;1.66165069937706;0.0024018774274736643;0.02109375
196;;;;;;-0.004950716905295849;0.0007805363333318382;1.6571069002151488;0.0007694842875935137;0.002734375
197;;;;;;-0.0034049353562295437;0.0019518623943440617;1.653345787525177;0.001076099881902337;0.001171875
198;;;;;;-0.00010920977219939232;0.06586811589077116;1.6207086861133575;0.0004848953918553889;0.0
199;;;;;;-0.011464513186365367;0.0322221738868393;1.6181357145309447;0.0006333978031761945;0.0
200;;;;;;0.000584602274466306;0.0015014820848591626;1.614517045021057;0.0005330026382580399;0.0
201;;;;;;-0.007198994792997837;0.0017426702135708183;1.6145275056362152;0.001203004061244428;0.0052734375
202;;;;;;-9.597931057214737e-05;0.0010938195278868078;1.570343166589737;0.0011378163355402649;0.0009765625
203;;;;;;-0.01517535038292408;0.03769796504639089;1.5458644866943358;0.0009316607727669179;0.00234375
204;;;;;;-0.008550792327150702;0.002094706817297265;1.5570283651351928;0.0002595184021629393;0.0
205;;;;;;-0.006317371304612606;0.0012970646668691189;1.5158399939537048;0.0009438107837922872;0.0056640625
206;;;;;;-0.010146421287208796;0.0013860277482308446;1.5071046650409698;0.0006715918658301234;0.000390625
207;;;;;;0.006756057869642973;0.0006788202823372558;1.5441737473011017;0.0005155917489901185;0.0
208;;;;;;-0.005301483767107129;0.0006994918774580583;1.5514524221420287;0.0010954491328448058;0.00625
209;;;;;;-0.007246478833258152;0.0006615270394831896;1.520902681350708;0.0010030904435552658;0.00546875
210;;;;;;-0.0018457902129739522;0.0005967570701614022;1.512131154537201;0.0007179799722507596;0.001953125
211;;;;;;-0.0036698624491691588;0.0006320353510091081;1.5278178453445435;0.00048016037326306107;0.0001953125
212;;;;;;-0.010089730168692768;0.0010237575421342625;1.5408730149269103;0.0010107006761245429;0.0033203125
213;;;;;;-0.006104815751314163;0.001963826344581321;1.6164170861244203;0.00039757714839652183;0.0
214;;;;;;-0.0011761860689148307;0.001372123003238812;1.6086991369724273;0.0007570843445137143;0.00078125
215;;;;;;0.00208699069917202;0.04015344837680459;1.6547732174396514;0.0007542097591795027;0.0
216;;;;;;-0.002844111854210496;0.04024230784270912;1.6517029464244843;0.0007488210219889879;0.001171875
217;;;;;;0.003656278271228075;0.004484450246673077;1.5759723782539368;0.0003500489634461701;0.0
218;;;;;;-0.0035639175213873385;0.00365896828006953;1.463668316602707;0.0007299203774891794;0.0041015625
219;;;;;;-0.002846528170630336;0.0006872902682516724;1.4971831917762757;0.0003937487374059856;0.0001953125
220;;;;;;-0.0010912340600043534;0.0703044910915196;1.5042058825492859;0.0009954159730114042;0.0056640625
221;;;;;;-0.005622916249558329;0.0014037506247404964;1.4786438167095184;0.0013327553286217153;0.0087890625
222;;;;;;-0.0005772258620709181;0.004823217878583819;1.4431960821151733;0.0007705022813752294;0.00390625
223;;;;;;-0.01454129503108561;0.0005979499503155239;1.4624724745750428;0.001504398521501571;0.01015625
224;;;;;;-0.0015295172575861215;0.00044247268087929117;1.508022290468216;0.00153075463604182;0.0099609375
225;;;;;;-0.006354618445038795;0.03715742306085303;1.5473334848880769;0.0010789656080305576;0.008984375
226;;;;;;-0.012260817969217897;0.0011531060008564964;1.486072725057602;0.0018046901212073862;0.0125
227;;;;;;-0.0036836782470345496;0.0119757713022409;1.346573132276535;0.00047459950437769296;0.0
228;;;;;;-0.004221106204204262;0.0005912663968047127;1.375872015953064;0.0004772243439219892;0.0005859375
229;;;;;;-0.0035555203910917045;0.03269989709369838;1.4361794590950012;0.0008251089951954782;0.0005859375
230;;;;;;-0.003403560956940055;0.00471775463083759;1.4650097250938416;0.00037104099756106733;0.0
231;;;;;;0.0006002979353070259;0.03029771668370813;1.4878321290016174;0.0015912478556856513;0.0162109375
232;;;;;;0.002834008471108973;0.0011489022406749427;1.3806113421916961;0.000424020504578948;0.0
233;;;;;;0.0007050839252769947;0.0008750893379328772;1.425443297624588;0.002193760883528739;0.024609375
234;;;;;;-0.0009887385182082652;0.000556421757210046;1.4024403750896455;0.0007348168292082846;0.00390625
235;;;;;;-0.004677834082394838;0.0007523960346588864;1.4330411791801452;0.000540488411206752;0.0
236;;;;;;0.001623920165002346;0.0006727833242621273;1.4384341835975647;0.0009514295030385256;0.0025390625
237;;;;;;-0.005189862428233027;0.0006669972106465138;1.4636108160018921;0.00045217585284262896;0.0
238;;;;;;-0.004419258562847972;0.0005325617516064085;1.4955920279026031;0.0005954516236670315;0.0
239;;;;;;0.000989186391234398;0.007669989587157033;1.4572141230106355;0.0002622892381623387;0.0001953125
240;;;;;;0.0009222641587257385;0.0003829905908787623;1.5070785641670228;0.0003853245987556875;0.000390625
241;;;;;;0.0007832311559468508;0.0003233239913242869;1.4918872475624085;0.0012772651738487185;0.01015625
242;;;;;;-0.006457975041121245;0.06708711963146925;1.4459037959575654;0.0005680368863977492;0.0
243;;;;;;0.0009103741496801377;0.000870592865976505;1.463752019405365;0.002075490599963814;0.0224609375
244;;;;;;-0.007575575402006507;0.0009507098176982254;1.4625317692756652;0.0008470194414258003;0.003515625
245;;;;;;-0.00888009280897677;0.0006387582194292918;1.4711733400821685;0.003254525805823505;0.0365234375
246;;;;;;-0.0035389911383390425;0.0004645251523470506;1.3977397501468658;0.0004437189898453653;0.0001953125
247;;;;;;-0.010712056420743465;0.000341019504412543;1.3743471562862397;0.0012985898181796073;0.002734375
248;;;;;;-0.0009388317354023457;0.0003953786494093947;1.4089246928691863;0.0024759604595601557;0.0255859375
249;;;;;;-0.009067170135676862;0.0004250539393979125;1.4134719908237456;0.0015182917937636375;0.00859375
250;;;;;;-0.007082377420738339;0.00035670625074999405;1.468267798423767;0.000414956989698112;0.0
251;;;;;;-0.0033177276141941547;0.0005846999512868934;1.4605727910995483;0.0013267624541185795;0.008203125
252;;;;;;-0.0028379631228744985;0.03746586088091135;1.501645278930664;0.0011748125427402556;0.00546875
253;;;;;;-0.007877273438498377;0.0009303597500547767;1.4032173097133636;0.001161482057068497;0.0064453125
254;;;;;;-0.005960994074121118;0.0008898097585188225;1.409474778175354;0.0016631524078547955;0.003125
255;;;;;;-0.008620529156178235;0.0005619227667921223;1.4279123842716217;0.0008077762555330992;0.0021484375
256;;;;;;0.005255379807204008;0.00039244831423275174;1.4496118605136872;0.0011861581820994615;0.0041015625
257;;;;;;-0.009226160123944283;0.00046561935159843414;1.454318118095398;0.0036635264987125993;0.040625
258;;;;;;0.0007986115757375956;0.03633342212997377;1.46102996468544;0.000851452152710408;0.0005859375
259;;;;;;0.0034374543465673923;0.034438990894705056;1.4277545750141143;0.0004959514830261469;0.001953125
260;;;;;;-0.004509400005917996;0.0008363357483176515;1.3762965440750121;0.0006531107937917113;0.00234375
261;;;;;;-0.005819309595972299;0.006313438597135246;1.3606409311294556;0.001968932128511369;0.0142578125
262;;;;;;-0.0038583884481340645;0.003327813738724217;1.3683747887611388;0.0008901339373551309;0.0025390625
263;;;;;;-0.007085981639102101;0.003684711561072618;1.3737916827201844;0.002961110416799784;0.0326171875
264;;;;;;0.0022545714862644674;0.0019615990575402977;1.3773434519767762;0.0034723969991318883;0.039453125
265;;;;;;-0.0077020568307489155;0.001146921716281213;1.3825701117515563;0.0005616239504888654;0.0
266;;;;;;-0.003518383763730526;0.000716592074604705;1.4029928207397462;0.0015408288571052253;0.00234375
267;;;;;;-0.012877575121819973;0.0004285384449758567;1.3927600145339967;0.00228359509492293;0.0220703125
268;;;;;;-0.007339633582159877;0.07227940773591399;1.4140037059783936;0.0020309581188485025;0.0134765625
269;;;;;;-0.00693207485601306;0.0011195197730557993;1.4256169497966766;0.0007589091779664159;0.002734375
270;;;;;;0.006277927290648222;0.09113928051665425;1.3982399642467498;0.001387044577859342;0.005078125
271;;;;;;0.0030595798511058093;0.030089422455057503;1.3287849605083466;0.0005872431444004178;0.0
272;;;;;;-0.00878164852038026;0.033600186835974453;1.3401807248592377;0.0006980652105994523;0.0017578125
273;;;;;;-0.0008519806433469057;0.0009990892780479045;1.326878809928894;0.0007655096938833595;0.0025390625
274;;;;;;-0.0038576820399612187;0.0006038631428964436;1.3159100353717803;0.0023479996132664384;0.0232421875
275;;;;;;-0.00676919836550951;0.000533837650436908;1.3233241021633149;0.0011241596657782793;0.0087890625
276;;;;;;-0.006252795038744807;0.00042446146690053863;1.360979151725769;0.0014576608198694884;0.0060546875
277;;;;;;-0.009388587553985417;0.00046402496664086355;1.3532401621341705;0.001455508335493505;0.001953125
278;;;;;;0.0016844099387526511;0.000562082405667752;1.4731496393680572;0.0012960973544977605;0.0068359375
279;;;;;;-0.00887323715724051;0.00035079000663245096;1.457243138551712;0.0015388496802188456;0.016015625
